{
  "best_score": 6703985999.987077,
  "best_params": {
    "B": -2.366546896580963,
    "lambda_u": 0.19741724620740295,
    "lambda_du": -0.3554580472955824
  }
}